{"count":1,"gauges":{"PushBlock.CumulativeReward":{"count":789,"max":4.9952,"min":4.830798,"value":4.99,"weightedAverage":4.981222}},"self":88.0800448,"total":97.856145,"children":{"AgentSendState":{"count":4827,"self":1.5935089999999998,"total":2.8077319999999997,"children":{"CollectObservations":{"count":30912,"self":0.613449,"total":0.613449,"children":null},"CollectDiscreteActionMasks":{"count":30912,"self":0.60077399999999992,"total":0.60077399999999992,"children":null}}},"DecideAction":{"count":4827,"self":4.0355872,"total":6.528502,"children":{"RayPerceptionSensor.Perceive":{"count":61824,"self":2.492915,"total":2.492915,"children":null}}},"AgentAct":{"count":4827,"self":0.438573,"total":0.438573,"children":null}}}